City_ID,City,Country,Date,Lat,Lng,Max Temp,Humidity,Cloudiness,Wind Speed
0,Bethanien,NA,2022-05-07 19:01:44,-26.502,17.1583,52.83,47,0,10.36
1,Mataura,NZ,2022-05-07 19:01:44,-46.1927,168.8643,57.47,98,100,2.15
2,Trinidad,BO,2022-05-07 19:01:45,-14.8333,-64.9,86.16,35,22,3.65
3,Poum,NC,2022-05-07 19:01:13,-20.2333,164.0167,76.84,70,34,17.69
4,Bambous Virieux,MU,2022-05-07 19:01:45,-20.3428,57.7575,77.22,79,22,14.83
5,Salalah,OM,2022-05-07 19:01:46,17.0151,54.0924,80.8,80,15,6.13
6,Inhambane,MZ,2022-05-07 19:01:46,-23.865,35.3833,71.37,81,0,4.76
7,Mitu,CO,2022-05-07 19:01:47,1.1983,-70.1733,79.07,74,94,3.49
8,Lavrentiya,RU,2022-05-07 19:01:47,65.5833,-171.0,26.01,96,72,6.2
9,Hermanus,ZA,2022-05-07 19:01:48,-34.4187,19.2345,55.8,79,15,7.31
10,Tual,ID,2022-05-07 19:01:48,-5.6667,132.75,84.96,77,21,20.15
11,Parana,AR,2022-05-07 19:01:08,-31.732,-60.5238,74.55,66,83,8.81
12,Ilulissat,GL,2022-05-07 19:01:49,69.2167,-51.1,28.42,59,0,6.91
13,Lensk,RU,2022-05-07 19:01:50,60.7253,114.9278,37.56,87,100,6.51
14,Castro,BR,2022-05-07 19:01:37,-24.7911,-50.0119,65.07,52,78,4.43
15,Saint George,US,2022-05-07 19:00:53,37.1041,-113.5841,88.79,16,0,20.71
16,Cape Town,ZA,2022-05-07 19:01:50,-33.9258,18.4232,58.91,74,7,11.01
17,Torbay,CA,2022-05-07 19:01:51,47.6666,-52.7314,43.88,64,100,8.01
18,Xiaoweizhai,CN,2022-05-07 19:01:52,26.1903,107.5125,65.34,99,100,1.68
19,Carnarvon,AU,2022-05-07 19:01:52,-24.8667,113.6333,75.18,53,78,8.34
20,Tres Arroyos,AR,2022-05-07 19:01:52,-38.3739,-60.2798,74.19,36,10,15.77
21,Saint-Georges,GD,2022-05-07 18:57:40,12.0564,-61.7485,83.88,74,40,16.11
22,Hobart,AU,2022-05-07 18:58:37,-42.8794,147.3294,53.46,75,100,11.5
23,Rikitea,PF,2022-05-07 19:01:53,-23.1203,-134.9692,77.54,83,75,12.08
24,Samarai,PG,2022-05-07 19:01:54,-10.6167,150.6667,82.63,80,47,12.12
25,Road Town,VG,2022-05-07 18:57:50,18.4167,-64.6167,81.0,70,0,11.41
26,Nachingwea,TZ,2022-05-07 19:01:54,-10.3833,38.7667,71.83,81,60,3.47
27,Pevek,RU,2022-05-07 19:01:55,69.7008,170.3133,24.46,92,100,5.55
28,Ushuaia,AR,2022-05-07 19:01:37,-54.8,-68.3,47.03,74,22,15.37
29,Abonnema,NG,2022-05-07 19:01:56,4.7084,6.7931,80.51,83,100,5.95
30,Zhicheng,CN,2022-05-07 19:01:57,30.2956,111.5047,67.12,78,29,3.71
31,Rafaela,AR,2022-05-07 19:01:57,-31.2503,-61.4867,77.0,40,100,5.99
32,Narrabri,AU,2022-05-07 19:01:58,-30.3167,149.7833,43.52,83,34,1.01
33,Bonavista,CA,2022-05-07 19:01:59,48.6499,-53.1147,37.89,64,88,19.04
34,Yellowknife,CA,2022-05-07 18:57:03,62.456,-114.3525,37.92,93,100,29.93
35,Bukama,CD,2022-05-07 19:02:00,-9.2,25.85,73.04,76,57,2.37
36,Sainte-Maxime,FR,2022-05-07 19:02:00,43.3,6.6333,66.22,82,79,5.32
37,Barra Patuca,HN,2022-05-07 19:02:01,15.8,-84.2833,86.52,63,100,12.28
38,Cabo San Lucas,MX,2022-05-07 18:59:07,22.8909,-109.9124,87.62,57,0,8.03
39,Baykit,RU,2022-05-07 18:57:26,61.67,96.37,29.3,88,100,12.24
40,San Quintin,MX,2022-05-07 19:02:02,30.4833,-115.95,65.43,71,10,12.24
41,Podporozhye,RU,2022-05-07 19:02:02,60.9112,34.1706,51.35,88,100,9.26
42,Bereda,ES,2022-05-07 19:02:03,43.2686,-7.5406,65.41,75,100,4.76
43,Concordia,AR,2022-05-07 18:59:03,-31.393,-58.0209,71.78,64,10,5.99
44,Raisen,IN,2022-05-07 19:02:04,23.3333,77.8,90.41,21,0,2.93
45,Mirnyy,RU,2022-05-07 19:02:05,62.5353,113.9611,38.8,92,100,9.06
46,Viedma,AR,2022-05-07 19:03:05,-40.8135,-62.9967,77.36,26,10,20.27
47,Sao Miguel Do Araguaia,BR,2022-05-07 19:00:37,-13.275,-50.1628,85.01,55,53,5.41
48,Norman Wells,CA,2022-05-07 19:03:06,65.282,-126.8329,42.57,67,100,0.4
49,Atuona,PF,2022-05-07 19:03:07,-9.8,-139.0333,78.6,70,32,16.75
50,Busselton,AU,2022-05-07 19:01:17,-33.65,115.3333,59.74,66,91,3.0
51,Maldonado,UY,2022-05-07 19:02:12,-34.6667,-54.9167,68.23,57,99,2.75
52,Avarua,CK,2022-05-07 19:01:40,-21.2078,-159.775,80.35,74,100,2.66
53,Lyubashivka,UA,2022-05-07 19:03:08,47.8372,30.2598,51.19,53,17,8.43
54,Vaini,TO,2022-05-07 19:03:09,-21.2,-175.2,74.91,76,3,9.95
55,Hammerfest,NO,2022-05-07 19:03:09,70.6634,23.6821,34.25,93,100,33.38
56,Mount Gambier,AU,2022-05-07 19:01:33,-37.8333,140.7667,50.22,86,84,4.79
57,Pocatello,US,2022-05-07 19:00:11,42.8713,-112.4455,56.01,43,100,24.0
58,Bredasdorp,ZA,2022-05-07 19:03:10,-34.5322,20.0403,56.1,85,52,2.93
59,Saint-Pierre,RE,2022-05-07 19:03:11,-21.3393,55.4781,71.91,83,0,5.75
60,Rincon,US,2022-05-07 19:03:12,32.296,-81.2354,82.36,34,75,19.57
61,Villa Del Rosario,CO,2022-05-07 19:03:13,7.8339,-72.4742,86.38,56,80,4.68
62,Marawi,PH,2022-05-07 19:03:13,7.9986,124.2928,70.16,90,80,2.19
63,Pangnirtung,CA,2022-05-07 19:03:14,66.1451,-65.7125,24.33,71,100,3.47
64,Port Alfred,ZA,2022-05-07 19:03:15,-33.5906,26.891,64.18,82,100,4.0
65,Albany,US,2022-05-07 19:03:14,42.6001,-73.9662,59.43,34,100,3.0
66,East London,ZA,2022-05-07 19:00:33,-33.0153,27.9116,65.03,91,100,15.93
67,Alihe,CN,2022-05-07 19:03:15,50.5667,123.7167,36.63,57,0,1.54
68,Kenai,US,2022-05-07 19:03:16,60.5544,-151.2583,56.03,73,24,6.64
69,Namwala,ZM,2022-05-07 19:03:17,-15.7504,26.4384,68.58,57,28,4.18
70,Hilo,US,2022-05-07 19:02:22,19.7297,-155.09,87.28,93,100,4.5
71,Jiayuguan,CN,2022-05-07 19:03:17,39.8167,98.3,54.54,29,100,6.13
72,Puerto Ayora,EC,2022-05-07 19:02:35,-0.7393,-90.3518,75.16,80,45,10.11
73,Zonguldak,TR,2022-05-07 19:03:18,41.25,31.8333,40.06,91,4,2.68
74,Freeport,US,2022-05-07 18:59:59,40.6576,-73.5832,49.01,83,100,18.41
75,Upernavik,GL,2022-05-07 19:03:19,72.7868,-56.1549,18.84,74,8,7.02
76,Omboue,GA,2022-05-07 19:03:20,-1.5746,9.2618,76.91,88,100,3.56
77,Hasaki,JP,2022-05-07 19:03:21,35.7333,140.8333,61.29,91,19,7.7
78,Butaritari,KI,2022-05-07 19:03:21,3.0707,172.7902,81.25,80,100,15.26
79,Kodiak,US,2022-05-07 19:03:22,57.79,-152.4072,45.72,59,7,3.96
80,Coahuayana,MX,2022-05-07 19:03:24,18.7333,-103.6833,90.3,44,55,9.13
81,Katsuura,JP,2022-05-07 19:03:24,35.1333,140.3,61.93,93,15,6.06
82,Opunake,NZ,2022-05-07 19:03:25,-39.4556,173.8583,57.85,84,91,11.54
83,Srednekolymsk,RU,2022-05-07 19:03:26,67.45,153.6833,21.85,95,99,8.03
84,Tiksi,RU,2022-05-07 19:03:26,71.6872,128.8694,4.78,97,13,7.36
85,Jamestown,US,2022-05-07 18:59:15,42.097,-79.2353,63.01,42,66,15.01
86,Jacmel,HT,2022-05-07 19:03:27,18.2342,-72.5347,82.58,67,0,8.88
87,Yarmouth,US,2022-05-07 19:03:28,41.7057,-70.2286,51.85,76,75,21.0
88,Thompson,CA,2022-05-07 18:59:15,55.7435,-97.8558,64.56,55,40,10.36
89,Kamaishi,JP,2022-05-07 19:03:29,39.2667,141.8833,49.51,83,100,7.18
90,Touros,BR,2022-05-07 19:03:29,-5.1989,-35.4608,76.35,86,100,13.15
91,Sisimiut,GL,2022-05-07 19:03:30,66.9395,-53.6735,32.68,57,1,7.78
92,Provideniya,RU,2022-05-07 19:01:45,64.3833,-173.3,31.75,90,100,7.4
93,Esperance,AU,2022-05-07 19:04:30,-33.8667,121.9,57.65,48,100,17.54
94,Kahului,US,2022-05-07 19:04:31,20.8947,-156.47,77.02,75,40,16.11
95,Tijara,IN,2022-05-07 19:04:32,27.9333,76.85,87.91,18,0,4.74
96,Hithadhoo,MV,2022-05-07 19:04:32,-0.6,73.0833,84.11,77,13,15.9
97,Macieira De Cambra,PT,2022-05-07 19:04:33,40.8594,-8.3734,68.04,50,100,3.29
98,Khatanga,RU,2022-05-07 19:04:33,71.9667,102.5,-11.2,100,97,5.35
99,Riyadh,SA,2022-05-07 19:03:18,24.6877,46.7219,84.27,18,0,15.75
100,Killin,US,2022-05-07 19:04:34,33.6123,-91.7412,75.29,53,0,3.44
101,Iqaluit,CA,2022-05-07 19:01:22,63.7506,-68.5145,27.7,46,82,11.99
102,El Cobre,CU,2022-05-07 19:04:35,20.0489,-75.9469,83.64,74,20,9.22
103,Grand-Santi,GF,2022-05-07 19:04:35,4.25,-54.3833,80.83,94,97,2.93
104,Kavieng,PG,2022-05-07 19:04:36,-2.5744,150.7967,82.85,76,62,18.03
105,Harlingen,US,2022-05-07 19:04:37,26.1906,-97.6961,94.96,37,0,14.97
106,Akureyri,IS,2022-05-07 19:04:37,65.6835,-18.0878,44.22,58,100,8.39
107,Powell River,CA,2022-05-07 19:00:24,49.8496,-124.5361,55.18,61,95,8.39
108,Iracoubo,GF,2022-05-07 19:01:18,5.4802,-53.2011,80.49,84,100,10.07
109,Tuktoyaktuk,CA,2022-05-07 19:04:38,69.4541,-133.0374,30.87,89,100,8.19
110,Niono,ML,2022-05-07 19:04:39,14.2526,-5.993,100.87,15,85,3.96
111,Behbahan,IR,2022-05-07 19:04:39,30.5959,50.2417,81.63,30,0,3.38
112,Gurupa,BR,2022-05-07 19:04:40,-1.405,-51.64,81.37,92,100,3.04
113,College,US,2022-05-07 19:04:04,64.8569,-147.8028,46.2,92,75,0.0
114,Leningradskiy,RU,2022-05-07 19:04:40,69.3833,178.4167,22.46,93,98,2.26
115,Arraial Do Cabo,BR,2022-05-07 19:04:41,-22.9661,-42.0278,75.06,78,40,9.22
116,Tucumcari,US,2022-05-07 19:04:41,35.1717,-103.725,96.64,5,0,25.32
117,La Sarre,CA,2022-05-07 19:02:38,48.8002,-79.1996,54.73,29,11,4.56
118,Grindavik,IS,2022-05-07 19:04:42,63.8424,-22.4338,46.87,76,75,25.32
119,Dalvik,IS,2022-05-07 19:04:43,65.9702,-18.5286,41.95,72,100,3.71
120,Vila Velha,BR,2022-05-07 19:04:44,-20.3297,-40.2925,76.95,73,20,14.97
121,Marolambo,MG,2022-05-07 19:04:44,-20.05,48.1167,68.63,99,78,1.81
122,Mahibadhoo,MV,2022-05-07 19:04:45,3.7833,72.9667,84.02,78,100,14.61
123,Edgewater,US,2022-05-07 19:01:22,28.9889,-80.9023,92.16,35,20,19.01
124,Mangochi,MW,2022-05-07 19:04:45,-14.4782,35.2645,70.48,71,10,1.74
125,Cabo Rojo,PR,2022-05-07 19:04:46,18.0866,-67.1457,88.72,69,11,7.0
126,Sechura,PE,2022-05-07 19:04:46,-5.5569,-80.8222,80.44,57,4,11.54
127,Saint-Philippe,RE,2022-05-07 19:04:47,-21.3585,55.7679,71.19,83,31,11.41
128,Seoul,KR,2022-05-07 19:00:15,37.5683,126.9778,58.44,41,100,4.03
129,Mehamn,NO,2022-05-07 19:04:48,71.0357,27.8492,37.31,96,100,34.31
130,Kapit,MY,2022-05-07 19:04:48,2.0167,112.9333,74.82,99,100,1.07
131,Gat,IL,2022-05-07 19:04:49,31.61,34.7642,65.08,100,67,4.52
132,Bluff,NZ,2022-05-07 19:04:49,-46.6,168.3333,57.79,97,100,9.13
133,Komsomolskiy,UZ,2022-05-07 19:03:06,40.4272,71.7189,70.52,52,0,6.91
134,Camacha,PT,2022-05-07 19:04:50,33.0833,-16.3333,62.02,72,20,13.8
135,Miragoane,HT,2022-05-07 19:04:51,18.4423,-73.0876,83.59,64,0,9.1
136,Ilo,PE,2022-05-07 19:04:51,-17.6394,-71.3375,67.06,77,100,8.05
137,Punta Arenas,CL,2022-05-07 19:04:52,-53.15,-70.9167,51.12,66,39,27.67
138,Seydi,TM,2022-05-07 19:05:52,39.4816,62.9137,88.45,19,84,9.04
139,Saint Anthony,US,2022-05-07 19:01:32,45.0205,-93.218,74.34,31,0,20.71
140,Flin Flon,CA,2022-05-07 19:05:53,54.7682,-101.865,64.94,47,93,7.56
141,Vincennes,FR,2022-05-07 19:05:54,48.85,2.4333,67.57,54,0,10.36
142,Dali,CN,2022-05-07 19:05:54,25.7,100.1833,60.93,74,54,4.47
143,Richards Bay,ZA,2022-05-07 19:02:11,-28.783,32.0377,68.09,90,3,2.48
144,Porto Santo,PT,2022-05-07 19:05:55,33.072,-16.3415,64.78,72,20,13.8
145,Fort Wellington,GY,2022-05-07 19:05:56,6.4,-57.6,76.08,92,100,2.53
146,El Calvario,GT,2022-05-07 19:05:56,14.1167,-89.9167,80.67,51,70,5.73
147,Qui Nhon,VN,2022-05-07 19:05:57,13.7667,109.2333,77.59,90,100,5.5
148,La Huerta,MX,2022-05-07 19:05:57,19.4667,-104.65,72.09,32,29,9.04
149,Chuy,UY,2022-05-07 19:05:58,-33.6971,-53.4616,69.93,57,16,4.5
150,Nanortalik,GL,2022-05-07 19:05:58,60.1432,-45.2371,39.79,74,100,5.53
151,Clyde River,CA,2022-05-07 19:02:04,70.4692,-68.5914,27.18,69,100,3.11
152,Derzhavinsk,KZ,2022-05-07 19:05:59,51.1,66.3167,44.89,38,0,10.4
153,Sobolevo,RU,2022-05-07 19:02:49,54.4299,31.8996,50.25,83,99,10.94
154,Henties Bay,NA,2022-05-07 19:06:00,-22.116,14.2845,58.35,85,0,12.35
155,Mar Del Plata,AR,2022-05-07 19:06:00,-38.0023,-57.5575,73.42,66,0,19.57
156,Batagay-Alyta,RU,2022-05-07 19:06:01,67.8006,130.4114,9.46,94,100,3.76
157,Kalmunai,LK,2022-05-07 19:03:46,7.4167,81.8167,82.15,80,100,2.28
158,Sioux Lookout,CA,2022-05-07 19:06:01,50.1001,-91.917,65.75,51,42,10.65
159,New Norfolk,AU,2022-05-07 19:06:02,-42.7826,147.0587,53.1,68,100,1.01
160,Cayenne,GF,2022-05-07 19:06:02,4.9333,-52.3333,83.08,1,100,11.5
161,Ouadda,CF,2022-05-07 19:06:03,8.0777,22.4007,73.58,76,100,2.75
162,Comodoro Rivadavia,AR,2022-05-07 19:02:09,-45.8667,-67.5,64.0,57,100,9.24
163,Stromness,GB,2022-05-07 19:03:07,58.965,-3.296,48.16,75,100,5.99
164,Shubarshi,KZ,2022-05-07 19:06:04,48.5872,57.1869,53.01,32,100,21.36
165,Denpasar,ID,2022-05-07 19:06:05,-8.65,115.2167,82.06,88,20,2.3
166,Constitucion,CL,2022-05-07 19:06:05,-35.3333,-72.4167,63.75,57,0,8.97
167,Zyryanka,RU,2022-05-07 19:06:06,65.75,150.85,28.29,94,100,8.66
168,Winneba,GH,2022-05-07 19:06:07,5.3511,-0.6231,81.52,79,100,7.23
169,Ribeira Grande,PT,2022-05-07 19:06:07,38.5167,-28.7,64.8,63,20,6.91
170,Verkhoyansk,RU,2022-05-07 19:06:08,67.5447,133.385,8.85,92,99,1.57
171,Faanui,PF,2022-05-07 19:06:09,-16.4833,-151.75,81.03,77,0,7.7
172,Dikson,RU,2022-05-07 19:06:10,73.5069,80.5464,8.08,96,100,8.08
173,Los Llanos De Aridane,ES,2022-05-07 19:06:10,28.6585,-17.9182,67.12,81,20,12.66
174,Rawson,AR,2022-05-07 19:03:32,-43.3002,-65.1023,77.49,29,26,12.93
175,Isangel,VU,2022-05-07 19:06:11,-19.55,169.2667,75.13,65,22,17.43
176,Acarau,BR,2022-05-07 19:02:56,-2.8856,-40.12,81.68,81,84,10.45
177,Alice Springs,AU,2022-05-07 19:06:12,-23.7,133.8833,35.15,69,0,0.0
178,Vanimo,PG,2022-05-07 19:03:33,-2.6741,141.3028,78.13,92,100,5.44
179,Hohhot,CN,2022-05-07 19:06:13,40.8106,111.6522,47.82,88,100,0.81
180,Ishinomaki,JP,2022-05-07 19:06:13,38.4167,141.3,51.06,75,100,22.5
181,Katangli,RU,2022-05-07 19:06:14,51.7102,143.2326,29.91,96,100,5.17
182,Bengkulu,ID,2022-05-07 19:06:14,-3.8004,102.2655,76.08,88,100,5.46
183,Coihaique,CL,2022-05-07 19:06:15,-45.5752,-72.0662,56.01,88,100,6.91
184,Cockburn Town,TC,2022-05-07 19:02:18,21.4612,-71.1419,79.29,77,55,7.81
185,Kapaa,US,2022-05-07 19:07:16,22.0752,-159.319,80.58,83,100,20.71
186,Nizhniy Kuranakh,RU,2022-05-07 19:07:16,58.8353,125.4869,29.73,90,16,5.55
187,Delta Del Tigre,UY,2022-05-07 19:07:17,-34.7633,-56.3853,73.81,68,75,5.75
188,Saskylakh,RU,2022-05-07 19:07:18,71.9167,114.0833,0.01,98,15,7.11
189,Makakilo City,US,2022-05-07 19:07:18,21.3469,-158.0858,75.52,68,100,11.5
190,Timmins,CA,2022-05-07 19:07:19,48.4669,-81.3331,57.09,27,4,5.55
191,Yumen,CN,2022-05-07 19:07:19,40.2833,97.2,53.53,24,6,6.71
192,Jiazi,CN,2022-05-07 19:07:20,22.8779,116.067,73.06,83,99,7.29
193,Yerbogachen,RU,2022-05-07 19:07:20,61.2767,108.0108,38.55,79,10,15.23
194,San Carlos De Bariloche,AR,2022-05-07 19:07:21,-41.1456,-71.3082,62.35,48,75,16.11
195,Kharp,RU,2022-05-07 19:07:22,66.8014,65.8081,26.51,97,100,1.48
196,Tezu,IN,2022-05-07 19:07:22,27.9167,96.1667,73.89,73,33,4.34
197,Ocos,GT,2022-05-07 19:07:23,14.5094,-92.1933,91.58,68,86,8.03
198,Barrow,US,2022-05-07 19:07:24,71.2906,-156.7887,21.22,93,100,10.36
199,Luba,GQ,2022-05-07 19:07:24,3.4568,8.5547,81.61,83,88,5.66
200,Kiruna,SE,2022-05-07 19:07:25,67.8557,20.2251,31.12,64,40,13.8
201,Kalundborg,DK,2022-05-07 19:07:25,55.6795,11.0886,51.33,65,83,18.1
202,Ostrovnoy,RU,2022-05-07 19:02:55,68.0531,39.5131,38.98,100,100,14.18
203,Plotnikovo,RU,2022-05-07 19:07:26,55.0247,85.9436,34.14,44,7,9.26
204,Athabasca,CA,2022-05-07 19:06:56,54.7169,-113.2854,45.1,64,100,16.53
205,Kaili,ID,2022-05-07 19:07:27,-3.4626,120.2147,68.25,90,99,3.33
206,Swift Current,CA,2022-05-07 19:07:27,50.2834,-107.8014,54.79,52,100,6.38
207,Severo-Kurilsk,RU,2022-05-07 19:07:28,50.6789,156.125,39.11,90,100,3.24
208,Qaanaaq,GL,2022-05-07 19:07:29,77.484,-69.3632,20.1,74,100,0.85
209,Grand Gaube,MU,2022-05-07 19:07:29,-20.0064,57.6608,77.38,73,11,5.99
210,Victoria Point,AU,2022-05-07 19:07:30,-27.5833,153.3,66.18,98,100,1.01
211,Wuning,CN,2022-05-07 19:07:30,29.2589,120.2311,65.05,96,100,3.13
212,Vardo,NO,2022-05-07 19:07:31,70.3705,31.1107,37.22,76,13,29.19
213,Geraldton,AU,2022-05-07 19:07:31,-28.7667,114.6,55.81,88,75,6.91
214,Rio Grande,BR,2022-05-07 19:07:32,-32.035,-52.0986,75.31,62,0,6.71
215,Ahuimanu,US,2022-05-07 19:07:32,21.4447,-157.8378,76.71,74,75,11.5
216,Kolokani,ML,2022-05-07 19:07:33,13.5728,-8.0339,97.48,19,65,1.61
217,Old Orchard Beach,US,2022-05-07 19:07:34,43.5173,-70.3775,58.19,47,75,16.11
218,Kieta,PG,2022-05-07 19:07:34,-6.2167,155.6333,78.57,84,75,0.56
219,Gaoua,BF,2022-05-07 19:07:35,10.2992,-3.2508,87.53,47,76,2.28
220,Lebu,CL,2022-05-07 19:07:35,-37.6167,-73.65,58.24,74,5,7.99
221,Turhal,TR,2022-05-07 19:07:36,40.3875,36.0811,46.69,89,100,1.63
222,Pacific Grove,US,2022-05-07 19:07:36,36.6177,-121.9166,70.56,72,40,17.27
223,Ordzhonikidze,KZ,2022-05-07 19:07:37,52.4411,61.7408,45.14,29,6,5.01
224,Sao Filipe,CV,2022-05-07 19:07:37,14.8961,-24.4956,73.49,79,75,16.2
225,Port Elizabeth,ZA,2022-05-07 19:07:38,-33.918,25.5701,60.31,84,100,1.01
226,Slave Lake,CA,2022-05-07 19:05:04,55.2834,-114.769,40.98,81,100,20.71
227,Qasigiannguit,GL,2022-05-07 19:07:38,68.8193,-51.1922,28.65,72,12,4.18
228,Mishkino,RU,2022-05-07 19:07:39,55.3389,63.9175,43.88,43,46,7.58
229,Mountain Home,US,2022-05-07 19:03:06,43.133,-115.6912,56.68,38,40,16.11
230,Sola,VU,2022-05-07 19:07:40,-13.8833,167.55,81.48,71,3,19.3
231,Tasiilaq,GL,2022-05-07 19:07:41,65.6145,-37.6368,32.16,67,94,5.82
232,Manaus,BR,2022-05-07 19:07:48,-3.1019,-60.025,84.7,78,75,4.61
233,Naqadeh,IR,2022-05-07 19:07:21,36.9553,45.388,45.07,71,8,6.71
234,Cherskiy,RU,2022-05-07 19:08:42,68.75,161.3,28.08,95,100,2.62
235,Cape Coast,GH,2022-05-07 19:08:42,5.1053,-1.2466,81.93,78,100,7.25
236,Udachnyy,RU,2022-05-07 19:08:43,66.4167,112.4,28.45,86,100,6.4
237,Progreso,MX,2022-05-07 19:08:43,21.2833,-89.6667,96.91,57,0,13.8
238,Waitati,NZ,2022-05-07 19:08:44,-45.75,170.5667,61.81,57,100,6.42
239,Fraga,ES,2022-05-07 19:03:52,41.5229,0.3489,74.23,37,2,7.18
240,Punto Fijo,VE,2022-05-07 19:08:45,11.6956,-70.1996,81.88,73,100,12.73
241,Nyurba,RU,2022-05-07 19:08:45,63.2842,118.3319,34.75,91,100,6.4
242,Xai-Xai,MZ,2022-05-07 19:08:46,-25.0519,33.6442,69.33,83,0,8.66
243,Portland,US,2022-05-07 19:05:11,45.5234,-122.6762,54.23,76,100,9.22
244,Thunder Bay,CA,2022-05-07 19:08:47,48.4001,-89.3168,54.0,51,15,8.37
245,Humaita,BR,2022-05-07 19:08:48,-7.5061,-63.0208,78.66,93,100,2.53
246,Chokurdakh,RU,2022-05-07 19:08:48,70.6333,147.9167,14.11,95,100,10.67
247,Cidreira,BR,2022-05-07 19:08:49,-30.1811,-50.2056,66.78,64,0,6.02
248,La Ronge,CA,2022-05-07 19:08:49,55.1001,-105.2842,55.47,44,85,2.48
249,Sao Joao Da Barra,BR,2022-05-07 19:08:50,-21.6403,-41.0511,78.89,67,1,16.46
250,Mahebourg,MU,2022-05-07 19:08:51,-20.4081,57.7,77.25,79,19,14.94
251,Kaitangata,NZ,2022-05-07 19:08:52,-46.2817,169.8464,54.0,92,100,2.84
252,Nelson Bay,AU,2022-05-07 19:08:52,-32.7167,152.15,52.0,81,15,1.01
253,San Patricio,US,2022-05-07 19:08:53,28.017,-97.5169,96.08,37,0,13.8
254,Cedar Rapids,US,2022-05-07 19:08:53,42.0083,-91.6441,70.92,38,0,14.0
255,Muroto,JP,2022-05-07 19:08:54,33.2833,134.15,64.26,80,3,15.01
256,Fez,MA,2022-05-07 19:08:55,34.0372,-4.9998,80.85,27,0,6.91
257,Xining,CN,2022-05-07 19:08:55,36.6167,101.7667,55.33,50,100,9.71
258,Lasa,IT,2022-05-07 19:08:56,46.6166,10.7002,52.36,95,100,4.25
259,Anshun,CN,2022-05-07 19:08:56,26.25,105.9333,59.41,95,75,3.56
260,Price,US,2022-05-07 19:08:57,39.5994,-110.8107,73.11,17,75,11.5
261,Pisco,PE,2022-05-07 19:05:04,-13.7,-76.2167,68.05,83,0,14.97
262,Mizoch,UA,2022-05-07 19:08:48,50.4,26.15,53.22,83,13,4.54
263,Anadyr,RU,2022-05-07 19:08:58,64.75,177.4833,30.49,80,100,7.45
264,Kolyubakino,RU,2022-05-07 19:08:58,55.668,36.5323,55.58,82,38,8.59
265,Victoria,HK,2022-05-07 19:06:32,22.2855,114.1577,77.05,79,100,5.01
266,Tamiahua,MX,2022-05-07 19:08:59,21.2667,-97.45,88.54,62,9,13.13
267,Walvis Bay,NA,2022-05-07 19:09:00,-22.9575,14.5053,57.09,67,0,16.42
268,Narsaq,GL,2022-05-07 19:09:00,60.9167,-46.05,53.82,74,100,2.68
269,Souillac,MU,2022-05-07 19:09:01,-20.5167,57.5167,75.38,83,22,13.78
270,Tilichiki,RU,2022-05-07 19:09:01,60.4667,166.1,31.05,98,100,4.23
271,Solnechnyy,RU,2022-05-07 19:09:02,50.7214,136.6319,34.79,92,100,7.27
272,Xapuri,BR,2022-05-07 19:09:03,-10.6517,-68.5044,88.99,43,22,4.21
273,Nueva Guinea,NI,2022-05-07 19:10:03,11.6876,-84.4562,84.15,69,99,8.7
274,Alpena,US,2022-05-07 19:10:04,45.0617,-83.4327,55.72,41,0,7.0
275,Gornyatskiy,RU,2022-05-07 19:10:05,48.2915,40.9575,46.65,46,65,8.01
276,Puro,PH,2022-05-07 19:10:06,12.4841,123.3827,81.12,80,11,10.07
277,Adrar,MR,2022-05-07 19:10:06,20.5022,-10.0711,93.76,13,12,5.64
278,Coquimbo,CL,2022-05-07 19:08:55,-29.9533,-71.3436,58.73,77,100,3.44
279,Bathsheba,BB,2022-05-07 19:10:07,13.2167,-59.5167,84.81,70,40,11.5
280,Santa Isabel,BR,2022-05-07 19:07:39,-23.3156,-46.2214,65.91,77,98,8.03
281,Rameswaram,IN,2022-05-07 19:10:08,9.2833,79.3,85.87,78,100,14.45
282,Haines Junction,CA,2022-05-07 19:10:09,60.7522,-137.5108,34.77,94,100,1.63
283,Kamenka,RU,2022-05-07 19:10:10,51.3223,42.7678,45.36,54,0,7.76
284,Cap-Aux-Meules,CA,2022-05-07 19:10:04,47.3821,-61.8597,33.8,69,19,16.42
285,Skjervoy,NO,2022-05-07 19:09:20,70.0311,20.9714,35.6,87,100,41.7
286,Kitaibaraki,JP,2022-05-07 19:10:11,36.7833,140.75,59.14,73,100,13.04
287,Krasnovka,RU,2022-05-07 19:10:11,48.8177,40.0923,46.27,50,42,7.85
288,Tsumeb,NA,2022-05-07 19:10:12,-19.2333,17.7167,65.43,34,0,6.96
289,Namatanai,PG,2022-05-07 19:10:13,-3.6667,152.4333,79.2,84,52,8.01
290,Castelo Do Piaui,BR,2022-05-07 19:10:14,-5.3222,-41.5525,84.38,63,100,1.99
291,Canutama,BR,2022-05-07 19:10:14,-6.5339,-64.3831,81.93,88,40,3.27
292,Saint-Augustin,CA,2022-05-07 19:10:15,51.226,-58.6502,40.89,45,100,15.12
293,Jiujiang,CN,2022-05-07 19:10:16,29.7333,115.9833,68.43,84,100,13.29
294,Barabai,ID,2022-05-07 19:10:16,-2.5833,115.3833,74.62,98,94,0.92
295,Lorengau,PG,2022-05-07 19:10:17,-2.0226,147.2712,82.18,82,77,12.71
296,Celestun,MX,2022-05-07 19:10:18,20.8667,-90.4,87.4,65,1,11.5
297,Novouzensk,RU,2022-05-07 19:10:18,50.4592,48.1431,48.15,50,100,10.22
298,Aykhal,RU,2022-05-07 19:06:40,66.0,111.5,32.25,98,100,8.81
299,Galveston,US,2022-05-07 19:10:19,29.3669,-94.9669,93.04,75,75,13.8
300,Tuy Hoa,VN,2022-05-07 19:09:55,13.0833,109.3,77.11,91,93,3.13
301,Rochegda,RU,2022-05-07 19:10:20,62.8,43.25,50.2,74,83,9.24
302,Koubia,GN,2022-05-07 19:10:21,11.5833,-11.9,86.79,26,62,3.13
303,Kaeo,NZ,2022-05-07 19:10:22,-35.1,173.7833,51.33,95,15,3.76
304,Schertz,US,2022-05-07 19:10:23,29.5522,-98.2697,98.87,52,0,10.36
305,Vila,PT,2022-05-07 19:10:23,42.0304,-8.1588,64.71,49,100,1.36
306,Ordubad,AZ,2022-05-07 19:10:24,38.9059,46.0234,53.98,84,94,6.87
307,Bridlington,GB,2022-05-07 19:10:25,54.0831,-0.1919,51.89,86,6,7.31
308,Villa Bruzual,VE,2022-05-07 19:10:25,9.3328,-69.1208,81.48,74,86,3.8
309,Gorontalo,ID,2022-05-07 19:10:26,0.5412,123.0595,75.78,96,89,1.74
310,Lakatoro,VU,2022-05-07 19:10:26,-16.0999,167.4164,79.21,72,32,18.14
311,Lumding,IN,2022-05-07 19:10:27,25.7535,93.1732,73.27,90,2,1.03
312,Sesheke,ZM,2022-05-07 19:10:28,-17.4759,24.2968,67.48,51,20,1.9
313,Wentzville,US,2022-05-07 19:08:34,38.8114,-90.8529,72.66,50,0,5.99
314,Lloydminster,CA,2022-05-07 19:10:28,53.2835,-110.0016,53.37,42,89,12.26
315,Naze,JP,2022-05-07 19:10:29,28.3667,129.4833,69.12,83,100,5.46
316,Alofi,NU,2022-05-07 19:10:30,-19.0595,-169.9187,75.09,94,75,5.75
317,Morro Bay,US,2022-05-07 19:10:30,35.3658,-120.8499,78.24,57,8,10.0
318,Launceston,AU,2022-05-07 19:11:31,-41.45,147.1667,47.34,81,40,4.61
319,Karratha,AU,2022-05-07 19:11:31,-20.7377,116.8463,75.56,67,57,7.52
320,Majene,ID,2022-05-07 19:11:32,-3.5403,118.9707,78.6,89,100,5.01
321,Liaoyang,CN,2022-05-07 19:11:33,41.2719,123.1731,48.52,22,100,3.42
322,Lagoa,PT,2022-05-07 19:11:33,39.05,-27.9833,60.96,67,52,4.7
323,Dom Pedro,BR,2022-05-07 19:11:34,-4.4833,-44.45,88.43,57,75,3.18
324,Airai,TL,2022-05-07 19:11:34,-8.9266,125.4092,60.69,96,58,4.5
325,Mitsamiouli,KM,2022-05-07 19:11:35,-11.3847,43.2844,81.23,77,38,5.79
326,Japura,ID,2022-05-07 19:11:35,-0.3167,102.35,76.42,97,100,1.86
327,Nikolskoye,RU,2022-05-07 19:11:36,59.7035,30.7861,53.49,86,99,3.13
328,Praia,CV,2022-05-07 19:11:36,14.9215,-23.5087,75.74,64,20,25.32
329,Jalu,LY,2022-05-07 19:11:37,29.0331,21.5482,79.65,27,96,11.36
330,Inta,RU,2022-05-07 19:09:00,66.0317,60.1659,36.75,95,100,10.16
331,Cabanas,CU,2022-05-07 19:11:38,22.9758,-82.9219,85.24,61,71,2.39
332,Marzuq,YE,2022-05-07 19:11:38,14.4,46.4667,76.8,41,100,5.68
333,Paraiso,CR,2022-05-07 19:11:39,9.8383,-83.8656,77.41,73,57,2.93
334,Lima,PE,2022-05-07 19:06:58,-12.0432,-77.0282,71.85,60,0,11.5
335,Black River,JM,2022-05-07 19:11:39,18.0264,-77.8487,83.64,70,12,14.81
336,Bardiyah,LY,2022-05-07 19:11:40,31.7561,25.0865,65.32,68,92,14.88
337,Puerto Baquerizo Moreno,EC,2022-05-07 19:11:41,-0.9,-89.6,81.59,61,75,16.11
338,Kawalu,ID,2022-05-07 19:11:41,-7.3817,108.2082,72.82,96,86,2.13
339,Georgetown,MY,2022-05-07 19:06:56,5.4112,100.3354,84.13,84,20,2.3
340,Eureka,US,2022-05-07 19:11:42,40.8021,-124.1637,54.93,70,43,8.01
341,Pengcheng,CN,2022-05-07 19:11:43,36.4311,114.17,55.36,33,100,6.85
342,Bintulu,MY,2022-05-07 19:11:43,3.1667,113.0333,78.04,92,100,2.64
343,Dourbali,TD,2022-05-07 19:11:44,11.8091,15.8632,96.64,26,96,9.95
344,Solvychegodsk,RU,2022-05-07 19:11:44,61.3305,46.9156,50.58,72,91,8.95
345,Dingle,PH,2022-05-07 19:11:45,10.9995,122.6711,78.71,87,9,9.06
346,Batagay,RU,2022-05-07 19:11:46,67.6333,134.6333,9.79,92,100,1.79
347,Cabedelo,BR,2022-05-07 19:11:46,-6.9811,-34.8339,81.27,77,100,10.67
348,Winnemucca,US,2022-05-07 19:11:47,40.973,-117.7357,55.45,28,75,10.36
349,Kharan,PK,2022-05-07 19:11:47,28.5833,65.4167,89.78,11,0,2.64
350,Hokitika,NZ,2022-05-07 19:11:48,-42.7167,170.9667,57.34,85,100,6.87
351,Simao,CN,2022-05-07 19:11:49,22.7886,100.9748,63.59,87,6,2.62
352,Tuatapere,NZ,2022-05-07 19:11:49,-46.1333,167.6833,55.62,97,100,0.81
353,Iranshahr,IR,2022-05-07 19:11:50,27.2025,60.6848,89.87,23,0,3.91
354,Sorong,ID,2022-05-07 19:08:52,-0.8833,131.25,79.9,84,14,3.85
355,Otradnoye,RU,2022-05-07 19:08:36,59.7775,30.8181,53.65,86,99,3.8
356,Luderitz,NA,2022-05-07 19:11:51,-26.6481,15.1594,58.14,68,0,22.93
357,Dunedin,NZ,2022-05-07 19:07:56,-45.8742,170.5036,61.81,57,100,3.0
358,Tommot,RU,2022-05-07 19:11:51,58.9564,126.2925,26.04,96,18,3.91
359,Bontang,ID,2022-05-07 19:11:52,0.1333,117.5,78.17,88,100,3.85
360,Port Lincoln,AU,2022-05-07 19:11:52,-34.7333,135.8667,55.63,79,1,2.15
361,Zhigansk,RU,2022-05-07 19:11:53,66.7697,123.3711,22.75,89,100,7.74
362,Caravelas,BR,2022-05-07 19:11:53,-17.7125,-39.2481,75.31,88,86,12.93
363,Shelburne,CA,2022-05-07 19:06:54,44.0787,-80.2041,57.13,34,5,12.57
364,Valente,BR,2022-05-07 19:11:54,-11.4122,-39.4619,85.39,37,66,11.21
365,Christchurch,NZ,2022-05-07 19:12:18,-43.5333,172.6333,51.94,84,22,3.44
366,Rio Claro,BR,2022-05-07 19:12:55,-22.4114,-47.5614,76.01,55,27,4.5
367,Lahaina,US,2022-05-07 19:12:55,20.8783,-156.6825,77.0,88,100,6.24
368,Husavik,IS,2022-05-07 19:12:56,66.0449,-17.3389,41.9,70,100,2.93
369,Ternate,ID,2022-05-07 19:12:56,0.8,127.4,81.86,78,100,3.22
370,Santa Rosa,PH,2022-05-07 19:08:48,14.3122,121.1114,84.18,75,41,8.19
371,Ponta Delgada,PT,2022-05-07 19:09:31,37.7333,-25.6667,66.92,82,20,4.61
372,Bilibino,RU,2022-05-07 19:12:57,68.0546,166.4372,26.28,93,100,3.06
373,Palmer,US,2022-05-07 19:12:58,42.1584,-72.3287,54.64,41,75,21.85
374,Chicama,PE,2022-05-07 19:12:59,-7.8447,-79.1469,63.14,63,15,11.3
375,Manjeri,IN,2022-05-07 19:12:59,11.1167,76.1167,77.68,94,75,16.11
376,Praya,CV,2022-05-07 19:12:38,14.9215,-23.5087,75.74,64,20,25.32
377,Sembe,CG,2022-05-07 19:13:00,1.6481,14.5806,71.6,96,100,2.77
378,Igarka,RU,2022-05-07 19:13:01,67.4667,86.5833,10.35,85,40,22.82
379,Pontal Do Parana,BR,2022-05-07 19:13:02,-25.6533,-48.5128,71.98,72,77,4.68
380,Kuryk,KZ,2022-05-07 19:13:03,43.2,51.65,61.07,79,100,13.0
381,Grajau,BR,2022-05-07 19:13:03,-5.8194,-46.1386,85.44,66,100,4.63
382,Rocha,UY,2022-05-07 19:13:04,-34.4833,-54.3333,71.89,56,100,1.88
383,Port Augusta,AU,2022-05-07 19:13:05,-32.5,137.7667,51.12,62,0,3.78
384,Karlskrona,SE,2022-05-07 19:13:05,56.1616,15.5866,54.05,55,6,10.13
385,Katima Mulilo,NA,2022-05-07 19:13:06,-17.5,24.2667,67.75,50,18,2.15
386,Wageningen,NL,2022-05-07 19:13:07,51.9667,5.6667,61.18,67,100,10.36
387,Fortuna,US,2022-05-07 19:13:08,40.5982,-124.1573,54.66,92,100,13.8
388,Kwinana,AU,2022-05-07 19:08:15,-32.25,115.7667,55.81,41,10,6.04
389,Ulagan,RU,2022-05-07 19:13:08,50.6321,87.9563,44.13,88,100,5.57
390,Russell,US,2022-05-07 19:13:09,32.3502,-85.1999,79.97,40,0,18.41
391,Altamira,BR,2022-05-07 19:13:10,-3.2033,-52.2064,83.8,77,71,3.15
392,Acajutla,SV,2022-05-07 19:13:10,13.5928,-89.8275,86.38,66,50,9.15
393,Bamnet Narong,TH,2022-05-07 19:13:11,15.4992,101.6897,78.21,85,100,2.55
394,Paoua,CF,2022-05-07 19:13:12,7.2427,16.4406,76.59,65,95,2.39
395,Yichun,CN,2022-05-07 19:13:12,47.7,128.9,31.06,91,0,3.22
396,Lapeer,US,2022-05-07 19:13:13,43.0514,-83.3188,65.66,33,0,8.05
397,Paragominas,BR,2022-05-07 19:13:14,-2.9667,-47.4833,81.07,89,90,2.17
398,Nanga Eboko,CM,2022-05-07 19:13:15,4.6833,12.3667,73.78,90,100,3.47
399,Springdale,US,2022-05-07 19:13:15,36.1867,-94.1288,77.56,62,0,80.55
400,Outjo,NA,2022-05-07 19:13:16,-20.1167,16.15,61.9,31,0,9.78
401,Jutai,BR,2022-05-07 19:11:21,-5.1833,-68.9,74.82,97,100,1.52
402,Kruisfontein,ZA,2022-05-07 19:13:17,-34.0033,24.7314,56.88,83,100,4.74
403,Galanta,SK,2022-05-07 19:13:17,48.19,17.7275,60.24,82,100,6.91
404,Shumikha,RU,2022-05-07 19:13:18,55.2261,63.2961,44.6,51,57,5.41
405,Artyom,AZ,2022-05-07 19:11:11,40.4723,50.333,53.74,92,100,29.97
406,Roura,GF,2022-05-07 19:13:19,4.7263,-52.3274,82.96,78,100,11.5
407,Suntar,RU,2022-05-07 19:13:20,62.1444,117.6319,34.09,86,100,6.73
408,Guadalupe,MX,2022-05-07 19:13:20,25.6833,-100.25,103.39,28,0,13.8
409,Ayr,GB,2022-05-07 19:13:21,55.4627,-4.6339,59.31,72,20,4.61
410,Paamiut,GL,2022-05-07 19:14:21,61.994,-49.6678,34.2,86,82,13.06
411,Muisne,EC,2022-05-07 19:14:22,0.6,-80.0333,80.49,79,46,8.48
412,Jishou,CN,2022-05-07 19:14:22,28.3167,109.7167,68.38,96,100,2.15
413,Sur,OM,2022-05-07 19:14:23,22.5667,59.5289,85.39,62,0,10.87
414,Lydenburg,ZA,2022-05-07 19:14:24,-25.0978,30.4597,54.25,50,4,2.73
415,Ust-Kuyga,RU,2022-05-07 19:14:24,70.0167,135.6,-2.58,99,84,6.4
416,Muhos,FI,2022-05-07 19:14:25,64.808,25.9931,37.18,71,7,8.01
417,Bay Roberts,CA,2022-05-07 19:14:25,47.5999,-53.2648,44.65,58,100,11.01
418,Shu,KZ,2022-05-07 19:14:26,43.5983,73.7614,66.83,56,5,7.99
419,Shizunai,JP,2022-05-07 19:14:26,42.3339,142.3669,45.14,88,65,16.8
420,Saldanha,ZA,2022-05-07 19:14:27,-33.0117,17.9442,59.04,69,0,22.79
421,Kimbe,PG,2022-05-07 19:14:28,-5.5502,150.1429,75.99,93,15,3.42
422,Kemin,KG,2022-05-07 19:14:28,42.7846,75.6892,60.22,68,3,4.43
423,Kindu,CD,2022-05-07 19:14:29,-2.95,25.95,71.17,98,96,5.06
424,Guaratuba,BR,2022-05-07 19:14:29,-25.8828,-48.5747,72.05,68,39,5.1
425,Pundaguitan,PH,2022-05-07 19:14:30,6.3711,126.1689,81.39,81,100,14.85
426,Tazovskiy,RU,2022-05-07 19:14:30,67.4667,78.7,-0.06,99,35,7.61
427,Amarillo,US,2022-05-07 19:13:32,35.222,-101.8313,101.03,8,0,23.02
428,Oss,NL,2022-05-07 19:14:31,51.75,5.5333,62.15,83,100,3.44
429,Alingsas,SE,2022-05-07 19:14:32,57.9303,12.5335,50.79,76,50,1.99
430,Tazmalt,DZ,2022-05-07 19:14:32,36.3868,4.3989,54.57,81,24,3.2
431,Biak,ID,2022-05-07 19:14:33,-0.9131,122.8766,77.22,87,92,3.33
432,Imeni Poliny Osipenko,RU,2022-05-07 19:14:34,52.4201,136.4853,27.61,92,2,4.52
433,Beloha,MG,2022-05-07 19:14:34,-25.1667,45.05,68.9,89,2,3.6
434,Clarksburg,US,2022-05-07 19:14:35,39.2807,-80.3445,55.85,67,100,16.11
435,Bako,ET,2022-05-07 19:14:35,5.7833,36.5667,66.63,75,14,3.62
436,Strezhevoy,RU,2022-05-07 19:13:41,60.7333,77.5889,20.16,89,8,7.72
437,Pyay,MM,2022-05-07 19:14:36,18.8167,95.2167,85.69,60,85,3.02
438,Cilegon,ID,2022-05-07 19:14:37,-6.0174,106.0538,79.36,86,98,10.25
439,Bubaque,GW,2022-05-07 19:14:38,11.2833,-15.8333,77.7,76,4,16.46
440,Komarikhinskiy,RU,2022-05-07 19:14:38,58.0979,57.1163,43.39,76,24,6.2
441,Yotsukaido,JP,2022-05-07 19:14:39,35.65,140.1667,66.74,97,66,3.53
442,Drobak,NO,2022-05-07 19:14:39,59.6633,10.6298,55.83,38,21,6.8
443,Calbuco,CL,2022-05-07 19:14:40,-41.768,-73.1273,61.81,76,98,10.98
444,Bonthe,SL,2022-05-07 19:14:40,7.5264,-12.505,82.24,78,60,9.6
445,Sitka,US,2022-05-07 19:14:41,57.0531,-135.33,46.29,71,40,5.75
446,Lompoc,US,2022-05-07 19:13:52,34.6391,-120.4579,77.68,64,0,18.41
447,Zabol,AF,2022-05-07 19:14:42,32.25,67.25,73.02,17,0,6.98
448,Sagua De Tanamo,CU,2022-05-07 19:14:43,20.5819,-75.2414,84.47,66,33,4.16
449,Pestovo,RU,2022-05-07 19:14:43,58.5938,35.8024,50.49,80,51,8.86
450,Massakory,TD,2022-05-07 19:14:44,12.996,15.7293,97.0,25,96,8.55
451,Umm Kaddadah,SD,2022-05-07 19:14:44,13.6017,26.6876,84.97,9,33,13.09
452,Ciudad Bolivar,VE,2022-05-07 19:14:45,8.1222,-63.5497,82.09,64,100,2.62
453,Liwale,TZ,2022-05-07 19:14:46,-9.7667,37.9333,73.29,75,100,3.29
454,Yangambi,CD,2022-05-07 19:14:46,0.8102,24.4336,73.8,77,97,3.06
455,Alyangula,AU,2022-05-07 19:15:47,-13.8483,136.4192,80.83,66,44,16.13
456,Obidos,BR,2022-05-07 19:15:47,-1.9175,-55.5181,84.76,72,47,4.34
457,Kaseda,JP,2022-05-07 19:15:48,31.4167,130.3167,66.45,89,95,2.73
458,Ketchikan,US,2022-05-07 19:11:58,55.3422,-131.6461,48.67,61,75,11.5
459,Aktash,RU,2022-05-07 19:15:49,50.3,87.7333,37.76,83,84,4.34
460,Quelimane,MZ,2022-05-07 19:15:50,-17.8786,36.8883,73.35,83,20,5.75
461,Talcahuano,CL,2022-05-07 19:15:50,-36.7167,-73.1167,60.48,63,20,11.5
462,Matay,EG,2022-05-07 19:15:51,28.419,30.7792,77.83,17,100,9.69
463,Flinders,AU,2022-05-07 19:15:51,-34.5833,150.8552,56.17,62,0,7.0
464,Ballina,AU,2022-05-07 19:15:52,-28.8667,153.5667,63.01,99,99,11.14
465,Olavarria,AR,2022-05-07 19:15:52,-36.8927,-60.3225,71.02,62,1,12.95
466,Pelym,RU,2022-05-07 19:15:53,61.0108,61.9978,40.73,94,88,6.08
467,Kudahuvadhoo,MV,2022-05-07 19:15:54,2.6708,72.8944,84.11,77,100,13.27
468,Mount Isa,AU,2022-05-07 19:15:54,-20.7333,139.5,60.57,44,0,5.75
469,Arinos,BR,2022-05-07 19:15:55,-15.9169,-46.1056,86.41,45,61,2.86
470,Roald,NO,2022-05-07 19:15:55,62.5833,6.1333,44.01,65,40,20.71
471,Puerto Carreno,CO,2022-05-07 19:15:56,6.189,-67.4859,89.58,55,40,3.44
472,Magapit,PH,2022-05-07 19:15:56,18.1079,121.677,75.9,92,100,2.82
473,Emerald,AU,2022-05-07 19:11:09,-23.5333,148.1667,55.35,79,77,14.67
474,Miri,MY,2022-05-07 19:15:57,4.4148,114.0089,78.94,94,40,2.3
475,Snasa,NO,2022-05-07 19:15:58,64.2457,12.3778,35.47,73,100,13.38
476,Lata,PT,2022-05-07 19:15:58,40.1629,-8.3327,66.29,56,100,3.53
477,Yar-Sale,RU,2022-05-07 19:15:59,66.8333,70.8333,15.42,94,9,8.81
478,San Angelo,US,2022-05-07 19:16:00,31.4638,-100.437,106.9,8,0,9.22
479,Oistins,BB,2022-05-07 19:16:00,13.0667,-59.5333,84.29,70,40,11.5
480,Ilam,NP,2022-05-07 19:16:01,26.9167,87.9167,67.46,80,98,4.43
481,Buraydah,SA,2022-05-07 19:16:01,26.326,43.975,79.25,17,0,10.78
482,Cap Malheureux,MU,2022-05-07 19:16:02,-19.9842,57.6142,77.47,73,9,5.99
483,Sooko,ID,2022-05-07 19:16:02,-7.9097,111.6599,72.7,94,44,1.1
484,Pailon,BO,2022-05-07 19:16:03,-17.65,-62.75,85.1,31,0,2.33
485,Burghead,GB,2022-05-07 19:16:03,57.7011,-3.4899,55.99,66,20,12.66
486,Saint-Jean-Port-Joli,CA,2022-05-07 19:16:04,47.2171,-70.2658,52.48,48,0,12.12
487,Vila Franca Do Campo,PT,2022-05-07 19:13:10,37.7167,-25.4333,66.61,90,96,1.34
488,Rio Gallegos,AR,2022-05-07 19:16:04,-51.6226,-69.2181,59.05,36,0,26.46
489,Aklavik,CA,2022-05-07 19:16:05,68.2191,-135.0107,39.2,56,20,9.22
490,Were Ilu,ET,2022-05-07 19:16:06,10.6,39.4333,57.15,53,36,7.23
491,Nouadhibou,MR,2022-05-07 19:16:06,20.931,-17.0347,65.19,87,45,23.02
492,Santa Rosalia,MX,2022-05-07 19:16:07,27.3167,-112.2833,85.15,27,5,1.99
493,Bac Lieu,VN,2022-05-07 19:16:07,9.285,105.7244,82.11,79,73,11.81
494,Kununurra,AU,2022-05-07 19:16:08,-15.7667,128.7333,71.58,37,0,6.91
495,Abeche,TD,2022-05-07 19:16:09,13.8292,20.8324,87.46,15,56,3.09
496,Camabatela,AO,2022-05-07 19:16:10,-8.1881,15.375,64.62,95,100,3.13
497,Araouane,ML,2022-05-07 19:12:57,18.9048,-3.5265,94.86,10,0,11.83
498,Ilog,PH,2022-05-07 19:16:10,10.0266,122.7684,80.38,81,91,6.62
499,Hami,CN,2022-05-07 19:16:11,42.8,93.45,73.15,28,18,4.23
500,Palmas Bellas,PA,2022-05-07 19:16:12,9.2319,-80.0867,88.0,72,74,6.91
501,Greenwood,US,2022-05-07 19:17:12,34.1668,-82.1165,74.07,57,40,11.5
502,Loknya,RU,2022-05-07 19:17:13,56.83,30.1467,48.69,94,100,7.16
503,San Cristobal,VE,2022-05-07 19:17:13,7.7669,-72.225,77.18,78,82,5.66
504,Ancud,CL,2022-05-07 19:17:14,-41.8697,-73.8203,55.36,89,100,18.32
505,Chapais,CA,2022-05-07 19:17:15,49.7834,-74.8492,46.18,38,11,3.83
506,Fort-Shevchenko,KZ,2022-05-07 19:17:15,44.5086,50.263,59.16,91,100,19.01
507,Hirara,JP,2022-05-07 19:17:16,24.8,125.2833,77.2,82,43,2.64
508,Sabha,LY,2022-05-07 19:17:16,27.0377,14.4283,80.67,20,0,8.01
509,Malindi,KE,2022-05-07 19:17:17,-3.2175,40.1191,80.46,84,33,17.16
510,Ponta Do Sol,PT,2022-05-07 19:17:18,32.6667,-17.1,67.12,67,13,7.27
511,Sao Felix Do Xingu,BR,2022-05-07 19:14:08,-6.6447,-51.995,88.12,55,36,4.97
512,Lobito,AO,2022-05-07 19:17:18,-12.3481,13.5456,77.49,81,100,1.28
513,Faya,SA,2022-05-07 19:17:19,18.3851,42.4509,66.31,41,84,4.63
514,Teknaf,BD,2022-05-07 19:17:19,20.8624,92.3058,80.24,77,5,2.62
515,Taoudenni,ML,2022-05-07 19:17:20,22.6783,-3.9836,93.22,9,0,9.86
516,Coacoyul,MX,2022-05-07 19:17:21,17.8058,-99.11,93.45,23,100,3.33
517,Hamilton,US,2022-05-07 19:15:31,39.1834,-84.5333,60.6,76,100,18.41
518,Ormond Beach,US,2022-05-07 19:17:22,29.2858,-81.0559,91.29,35,20,27.63
519,Tabou,CI,2022-05-07 19:17:23,4.423,-7.3528,81.75,79,100,8.43
520,Mengcheng,CN,2022-05-07 19:17:23,33.2579,116.5655,54.73,70,2,8.84
521,Kavaratti,IN,2022-05-07 19:17:24,10.5669,72.642,84.76,71,50,10.51
522,Sochaczew,PL,2022-05-07 19:17:24,52.2294,20.2384,63.19,64,100,5.7
523,Vvedenka,UA,2022-05-07 19:17:25,49.8244,36.5075,49.48,59,99,5.5
524,Beaverlodge,CA,2022-05-07 19:17:25,55.2166,-119.4361,42.15,86,100,20.83
525,Hambantota,LK,2022-05-07 19:17:26,6.1241,81.1185,81.16,82,100,13.67
526,Padang,ID,2022-05-07 19:17:27,-0.9492,100.3543,77.34,86,100,5.48
527,Esso,RU,2022-05-07 19:17:27,55.9333,158.7,31.75,87,53,5.64
528,Cehegin,ES,2022-05-07 19:17:28,38.0924,-1.7985,63.77,58,4,7.47
529,Vysokogornyy,RU,2022-05-07 19:17:28,50.1167,139.15,30.97,94,100,4.25
530,Asuncion,PY,2022-05-07 19:17:29,-25.3007,-57.6359,78.24,44,20,5.75
531,Belmonte,BR,2022-05-07 19:17:30,-15.8631,-38.8828,80.56,69,100,8.59
532,Fairbanks,US,2022-05-07 19:16:44,64.8378,-147.7164,46.22,90,100,0.0
533,Ornskoldsvik,SE,2022-05-07 19:17:31,63.2909,18.7153,41.95,48,5,24.16
534,Chodavaram,IN,2022-05-07 19:17:31,17.8333,82.95,82.24,81,45,1.34
535,Jaslo,PL,2022-05-07 19:17:32,49.7451,21.4725,54.37,71,100,1.45
536,Klaksvik,FO,2022-05-07 19:17:32,62.2266,-6.589,47.32,69,100,2.86
537,Moerai,PF,2022-05-07 19:17:33,-22.4333,-151.3333,78.96,80,23,16.22
538,Asosa,ET,2022-05-07 19:14:46,10.0667,34.5333,66.42,78,100,3.98
539,Smithers,CA,2022-05-07 19:15:12,54.7804,-127.1743,44.92,49,100,6.91
540,Colares,PT,2022-05-07 19:17:34,38.7992,-9.4469,73.08,41,0,13.8
541,Gunjur,GM,2022-05-07 19:17:34,13.2019,-16.7339,84.27,42,0,12.66
542,Platteville,US,2022-05-07 19:17:35,42.7342,-90.4785,68.56,30,0,5.75
543,Longyearbyen,SJ,2022-05-07 19:17:35,78.2186,15.6401,13.84,62,75,8.05
544,Yarada,IN,2022-05-07 19:17:36,17.65,83.2667,82.72,74,40,2.3
545,Mazagao,BR,2022-05-07 19:17:36,-0.115,-51.2894,91.45,72,99,5.86
546,Honningsvag,NO,2022-05-07 19:17:37,70.9821,25.9704,35.35,87,100,31.07
547,Vagay,RU,2022-05-07 19:17:37,57.9375,69.0217,42.84,85,89,6.62
548,Weihe,CN,2022-05-07 19:17:38,32.9952,105.3247,61.39,95,91,3.44
549,Mastic Beach,US,2022-05-07 19:18:38,40.7668,-72.8521,47.98,86,100,17.0
550,Kloulklubed,PW,2022-05-07 19:18:39,7.0419,134.2556,77.5,81,100,17.25
551,Green River,US,2022-05-07 19:18:40,41.5286,-109.4662,62.98,31,100,14.0
552,Tsubata,JP,2022-05-07 19:18:40,36.6667,136.7333,54.18,80,92,6.67
553,Half Moon Bay,US,2022-05-07 19:18:41,37.4636,-122.4286,69.46,63,20,25.32
554,Skelleftea,SE,2022-05-07 19:18:41,64.7507,20.9528,44.01,44,6,17.27
555,Strathmore,CA,2022-05-07 19:15:24,51.0501,-113.3852,57.94,36,97,6.91
556,Bethel,US,2022-05-07 19:18:42,41.3712,-73.414,54.36,57,75,14.97
557,Punta Alta,AR,2022-05-07 19:18:43,-38.8759,-62.0736,72.99,38,62,15.86
558,Krasnokamensk,RU,2022-05-07 19:18:43,50.0979,118.0369,43.65,42,7,5.14
559,Lere,NG,2022-05-07 19:18:44,10.387,8.5726,78.26,58,87,5.32
560,Port-Gentil,GA,2022-05-07 19:18:45,-0.7193,8.7815,78.76,94,20,2.3
561,Tharad,IN,2022-05-07 19:18:45,24.3961,71.6267,85.86,60,0,13.73
562,Arona,ES,2022-05-07 19:18:46,28.0996,-16.681,66.38,70,0,16.11
563,Tarare,FR,2022-05-07 19:18:47,45.8976,4.4327,63.93,50,76,5.91
564,Raga,SS,2022-05-07 19:18:47,8.4596,25.678,81.3,54,100,4.68
565,Chakia,IN,2022-05-07 19:18:48,26.4167,85.05,89.65,39,68,6.17
566,Marienburg,PL,2022-05-07 19:18:48,54.0359,19.0266,58.87,88,100,2.91
567,Mareeba,AU,2022-05-07 19:18:49,-17.0,145.4333,72.32,93,99,3.02
568,Casino,AU,2022-05-07 19:18:49,-28.8667,153.05,62.78,94,100,4.61
569,Lamesa,US,2022-05-07 19:18:50,32.7376,-101.951,98.53,6,13,14.65
570,Sokoto,NG,2022-05-07 19:18:50,13.0609,5.239,97.54,24,100,8.01
571,Katesh,TZ,2022-05-07 19:18:51,-4.5167,35.3833,63.16,68,61,5.73
572,Avon Lake,US,2022-05-07 19:18:51,41.5053,-82.0282,64.06,65,20,18.41
573,Byron Bay,AU,2022-05-07 19:18:52,-28.65,153.6167,62.94,90,99,8.16
574,Mae Hong Son,TH,2022-05-07 19:18:53,19.3003,97.9685,75.85,92,100,1.63
575,Ust-Nera,RU,2022-05-07 19:18:53,64.5667,143.2,23.5,96,100,3.36
576,Pecos,US,2022-05-07 19:18:54,31.4229,-103.4932,101.23,4,0,16.11
577,Erdenet,MN,2022-05-07 19:18:55,49.0333,104.0833,44.04,67,0,6.11
578,Fukuma,JP,2022-05-07 19:18:55,33.7667,130.4667,62.29,85,79,9.55
579,Tura,IN,2022-05-07 19:18:56,25.5198,90.2201,72.99,79,0,3.22
580,Havoysund,NO,2022-05-07 19:18:56,70.9963,24.6622,35.83,98,100,36.22
581,Acapulco,MX,2022-05-07 19:15:56,16.8634,-99.8901,84.02,70,100,10.36
582,Qeshm,IR,2022-05-07 19:18:57,26.9581,56.2719,82.29,73,0,6.4
583,Nemuro,JP,2022-05-07 19:18:58,43.3236,145.575,45.82,99,100,26.51
584,Olafsvik,IS,2022-05-07 19:18:58,64.8945,-23.7142,43.79,84,99,14.85
585,Honiara,SB,2022-05-07 19:18:59,-9.4333,159.95,77.81,89,96,6.35
586,Champerico,GT,2022-05-07 19:19:00,14.3,-91.9167,93.74,68,100,8.55
587,Plettenberg Bay,ZA,2022-05-07 19:19:01,-34.0527,23.3716,56.82,85,96,0.58
588,Kainantu,PG,2022-05-07 19:19:01,-6.2887,145.8655,57.87,96,96,1.54
589,Beringovskiy,RU,2022-05-07 19:19:02,63.05,179.3167,30.76,88,99,6.29
590,High Prairie,CA,2022-05-07 19:19:02,55.4334,-116.4858,36.37,96,100,17.63
591,San Fernando,PH,2022-05-07 19:19:03,15.0286,120.6898,82.13,80,86,4.99
592,Luwuk,ID,2022-05-07 19:19:03,-0.9516,122.7875,78.28,90,90,3.53
593,Avera,US,2022-05-07 19:19:04,33.194,-82.5271,71.11,43,72,15.93
594,Krasnoselkup,RU,2022-05-07 19:19:05,65.7,82.4667,8.58,91,33,17.27
595,Huesca,ES,2022-05-07 19:19:05,42.1362,-0.4087,66.88,52,0,5.75
596,Lander,US,2022-05-07 19:20:06,42.833,-108.7307,62.11,25,0,26.46
597,Mananara,MG,2022-05-07 19:20:07,-16.1667,49.7667,74.07,93,39,3.04
598,Polewali,ID,2022-05-07 19:20:07,-3.4324,119.3435,78.01,91,92,3.33
599,Muros,ES,2022-05-07 19:20:08,42.7762,-9.0603,72.68,69,100,5.26
600,Charters Towers,AU,2022-05-07 19:20:09,-20.1,146.2667,69.17,92,100,11.14
601,General Roca,AR,2022-05-07 19:20:09,-39.0333,-67.5833,79.63,16,28,11.41
